{
  "features": [
    3223,
    9909,
    12898,
    9816,
    6759,
    4197,
    4516,
    1250,
    2137,
    11864,
    2282,
    12524,
    8530,
    7361,
    8820,
    2184,
    12923,
    12506,
    14401,
    9606,
    1608,
    6336,
    347,
    10822,
    12767
  ],
  "fluency": {
    "baseline": {
      "geomean_perplexity": 24.627957881996906,
      "mean": 25.079690840888887,
      "median": 24.528849417195072,
      "n_chunks": 6
    },
    "ablate": {
      "geomean_perplexity": 26.58148988094608,
      "mean": 27.1118795040465,
      "median": 26.26308284889235,
      "n_chunks": 6
    },
    "clamp_up": {
      "geomean_perplexity": 27.658859439731955,
      "mean": 28.26772967592082,
      "median": 27.41932057938319,
      "n_chunks": 6
    },
    "ablate_ppl_ratio": 1.0793217207983457,
    "clamp_up_ppl_ratio": 1.1230675142558468
  },
  "meaning": {
    "mean_cosine_with_vs_without": 0.7725946307182312,
    "median": 0.8213815689086914,
    "p10": 0.5673028230667114,
    "p90": 0.937343955039978,
    "n_pairs": 226,
    "note": "D1 baseline: meaning preserved by the paraphraser (us). Phase 7 will compare baseline gen vs intervened gen."
  },
  "coherence": {
    "status": "stub",
    "note": "Phase 5 v2 wires Anthropic Claude as the LLM judge on a sample of Phase 4 M1 ablate generations (baseline vs intervened, blind to condition), 1-5 coherence rating. Skipped here."
  }
}