{
  "L12_sae_baseline": 0.28844338292256,
  "L20_sae_baseline": 0.277750276948791,
  "L25_sae_baseline": 0.21904922700487078,
  "raw_baseline": 0.270391792897135
}